Academic Year,RCDT,District Name,District City,% of Kindergartners Rated on Required 14 Measures,"In
0
Developmental Areas","In
1
Developmental Area","In
2
Developmental Areas","In
All 3
Developmental Areas",Social and Emotional Development,Language and Literacy Development
,,Statewide,,0.909316,0.36942,0.169738,0.175341,0.285502,0.55988,0.471427
2019,01009262026,A-C Central CUSD 262,Ashland,0.964286,0,0.148148,0.259259,0.592593,0.925926,0.814815
2019,33048276026,Abingdon-Avon CUSD 276,Abingdon,1,0.346667,0.0933333,0.146667,0.413333,0.6,0.56
2019,19022004002,Addison SD 4,Addison,0.761518,0.690391,0.153025,0.131673,0.024911,0.245552,0.185053
2019,13014063002,Albers SD 63,Albers,1,0,0.0588235,0.176471,0.764706,1,0.941176
2019,44063019024,Alden Hebron SD 19,Hebron,1,0.047619,0,0.047619,0.904762,0.904762,0.952381
2019,20093017024,Allendale CCSD 17,Allendale,1,0,0,0,1,1,1
2019,07016126002,Alsip-Hazlgrn-Oaklwn SD 126,Alsip,0.986755,0.510067,0.228188,0.147651,0.114094,0.463087,0.241611
2019,03025010026,Altamont CUSD 10,Altamont,0.877551,0.604651,0.116279,0.209302,0.0697674,0.325581,0.302326
2019,41057011026,Alton CUSD 11,Alton,0.870886,0.406977,0.18314,0.215116,0.194767,0.52907,0.465116
2019,28037225026,AlWood CUSD 225,Woodhull,1,0.166667,0.125,0.0833333,0.625,0.833333,0.708333
2019,47052272026,Amboy CUSD 272,Amboy,0.983333,0.0677966,0.0677966,0.152542,0.711864,0.932203,0.847458
2019,30091037004,Anna CCSD 37,Anna,0.967742,0.233333,0.25,0.333333,0.183333,0.7,0.583333
2019,28037226026,Annawan CUSD 226,Annawan,0.95,0,0.0526316,0.0526316,0.894737,0.947368,0.894737
2019,34049034004,Antioch CCSD 34,Antioch,0.978814,0.645022,0.155844,0.112554,0.0865801,0.333333,0.212121
2019,34049102004,Aptakisic-Tripp CCSD 102,Buffalo Grove,0.978355,0.221239,0.181416,0.261062,0.336283,0.712389,0.606195
2019,07016145002,Arbor Park SD 145,Oak Forest,0.990291,0.5,0.254902,0.147059,0.0980392,0.5,0.245098
2019,11021306026,Arcola CUSD 306,Arcola,1,0.317073,0.219512,0.268293,0.195122,0.634146,0.487805
2019,39055001026,Argenta-Oreana CUSD 1,Argenta,1,0.186667,0.08,0.133333,0.6,0.773333,0.746667
2019,05016025002,Arlington Heights SD 25,Arlington Heights,0.910537,0.213974,0.170306,0.172489,0.443231,0.68559,0.606987
2019,11021305026,Arthur CUSD 305,Arthur,0.736111,0.54717,0.226415,0.188679,0.0377358,0.339623,0.339623
2019,13095015004,Ashley CCSD 15,Ashley,0.882353,0.333333,0.266667,0.4,0,0.533333,0.533333
2019,47052275026,Ashton-Franklin Center CUSD 275,Ashton,0.925,0.27027,0.216216,0.135135,0.378378,0.72973,0.405405
2019,26029001026,Astoria CUSD 1,Astoria,1,0.333333,0,0.166667,0.5,0.666667,0.583333
2019,51065213026,Athens CUSD 213,Athens,0.962963,0.282051,0.0897436,0.24359,0.384615,0.666667,0.602564
2019,07016125002,Atwood Heights SD 125,Alsip,0.973684,0.324324,0.189189,0.162162,0.324324,0.567568,0.459459
2019,51084010026,Auburn CUSD 10,Auburn,1,0.0666667,0.0933333,0.173333,0.666667,0.933333,0.813333
2019,31045131022,Aurora East USD 131,Aurora,0.952435,0.593341,0.161712,0.120095,0.124851,0.386445,0.246136
2019,31045129022,Aurora West USD 129,Aurora,0.973978,0.354962,0.226463,0.180662,0.237913,0.611959,0.418575
2019,13014021002,Aviston SD 21,Aviston,1,0.0487805,0.0243902,0.097561,0.829268,0.829268,0.926829
2019,05016037002,Avoca SD 37,Wilmette,0.980392,0.22,0.24,0.3,0.24,0.72,0.52
2019,51084005026,Ball Chatham CUSD 5,Chatham,0.954286,0.272455,0.179641,0.221557,0.326347,0.625749,0.526946
2019,34049106002,Bannockburn SD 106,Bannockburn,1,0.545455,0.0909091,0.181818,0.181818,0.363636,0.454545
2019,34049220026,Barrington CUSD 220,Barrington,0.923241,0.0484988,0.0877598,0.12933,0.734411,0.923788,0.856813
2019,13014057002,Bartelso SD 57,Bartelso,0.956522,0.636364,0,0.272727,0.0909091,0.363636,0.363636
2019,48072066002,Bartonville SD 66,Bartonville,0.935484,0.793103,0.0689655,0.0689655,0.0689655,0.206897,0.137931
2019,31045101022,Batavia USD 101,Batavia,0.983957,0.23913,0.201087,0.211957,0.347826,0.67663,0.603261
2019,34049003004,Beach Park CCSD 3,Beach Park,0.980583,0.227723,0.183168,0.277228,0.311881,0.643564,0.579208
2019,01009015026,Beardstown CUSD 15,Beardstown,0.821429,0.478261,0.15942,0.231884,0.130435,0.521739,0.362319
2019,03025020026,Beecher City CUSD 20,Beecher City,1,0.454545,0.181818,0,0.363636,0.5,0.363636
2019,56099200U26,Beecher CUSD 200U,Beecher,0.666667,0.42,0.22,0.26,0.1,0.56,0.38
2019,50082119002,Belle Valley SD 119,Belleville,1,0.572816,0.145631,0.174757,0.106796,0.407767,0.281553
2019,50082118002,Belleville SD 118,Belleville,0.950581,0.342508,0.146789,0.314985,0.195719,0.617737,0.51682
2019,06016088002,Bellwood SD 88,Bellwood,0.878947,0.377246,0.191617,0.149701,0.281437,0.586826,0.419162
2019,04004100026,Belvidere CUSD 100,Belvidere,0.864407,0.622549,0.0955882,0.129902,0.151961,0.343137,0.286765
2019,39074005026,Bement CUSD 5,Bement,1,0,0.0833333,0.0833333,0.833333,1,0.833333
2019,19022025002,Benjamin SD 25,West Chicago,0.966102,0.192982,0.22807,0.438596,0.140351,0.701754,0.649123
2019,19022002002,Bensenville SD 2,Bensenville,0.904255,0.641176,0.158824,0.164706,0.0352941,0.264706,0.264706
2019,21028047004,Benton CCSD 47,Benton,0.968,0.520661,0.206612,0.157025,0.115702,0.396694,0.347107
2019,06016087002,Berkeley SD 87,Berkeley,0.982222,0.447964,0.190045,0.190045,0.171946,0.506787,0.38009
2019,06016098002,Berwyn North SD 98,Berwyn,0.750929,0.480198,0.247525,0.128713,0.143564,0.445545,0.282178
2019,06016100002,Berwyn South SD 100,Berwyn,0.949704,0.420561,0.242991,0.190031,0.146417,0.548287,0.314642
2019,41057008026,Bethalto CUSD 8,Bethalto,0.993902,0.490798,0.153374,0.153374,0.202454,0.441718,0.355828
2019,13041082002,Bethel SD 82,Mount Vernon,0.958333,0.217391,0.0434783,0.0434783,0.695652,0.73913,0.695652
2019,34049038002,Big Hollow SD 38,Ingleside,0.989418,0.262032,0.15508,0.208556,0.374332,0.679144,0.604278
2019,54092001026,Bismarck Henning CUSD,Bismarck,1,0.354167,0.1875,0.0625,0.395833,0.604167,0.5
2019,19022013002,Bloomingdale SD 13,Bloomingdale,0.98374,0.256198,0.181818,0.206612,0.355372,0.586777,0.628099
2019,17064087025,Bloomington SD 87,Bloomington,0.986339,0.315789,0.185596,0.160665,0.33795,0.603878,0.487535
2019,17020018026,Blue Ridge CUSD 18,Farmer City,0.90566,0.416667,0.229167,0.291667,0.0625,0.541667,0.375
2019,13041318027,Bluford Unit School District 318,Bluford,0.888889,0.375,0.333333,0,0.291667,0.5,0.416667
2019,03003002026,Bond County CUSD 2,Greenville,0.963964,0.271028,0.149533,0.168224,0.411215,0.560748,0.654206
2019,32046053002,Bourbonnais SD 53,Bourbonnais,0.975207,0.402542,0.114407,0.161017,0.322034,0.504237,0.483051
2019,24032075002,Braceville SD 75,Braceville,1,0.714286,0.214286,0.0714286,0,0.214286,0.142857
2019,28088001026,Bradford CUSD 1,Bradford,0.941176,0.5625,0.125,0.3125,0,0.4375,0.3125
2019,32046061002,Bradley SD 61,Bradley,0.955882,0.453846,0.176923,0.0769231,0.292308,0.423077,0.407692
2019,13014012004,Breese ESD 12,Breese,0.861538,0.375,0.0714286,0.107143,0.446429,0.517857,0.5
2019,48072309026,Brimfield CUSD 309,Brimfield,0.512195,0,0.047619,0,0.952381,1,0.952381
2019,15016903025,Bronzeville Academy Chtr School,Chicago,0.942857,0.30303,0.151515,0.30303,0.242424,0.666667,0.545455
2019,06016095002,Brookfield Lagrange Park SD 95,Brookfield,0.914286,0.25,0.132813,0.140625,0.476563,0.71875,0.609375
2019,50082188022,Brooklyn UD 188,Lovejoy,1,0.0526316,0.263158,0.263158,0.421053,0.947368,0.684211
2019,07016167002,Brookwood SD 167,Glenwood,0.967742,0.35,0.291667,0.208333,0.15,0.616667,0.366667
2019,01005001026,Brown County CUSD 1,Mount Sterling,0.97619,0.0487805,0.0731707,0.219512,0.658537,0.878049,0.902439
2019,03026201026,Brownstown CUSD 201,Brownstown,1,0.176471,0.117647,0.294118,0.411765,0.617647,0.705882
2019,40056008026,Bunker Hill CUSD 8,Bunker Hill,1,0.324324,0.216216,0.135135,0.324324,0.540541,0.540541
2019,07016111002,Burbank SD 111,Burbank,0.747093,0.533074,0.175097,0.151751,0.140078,0.412451,0.303502
2019,28006340026,Bureau Valley CUSD 340,Manlius,1,0.224138,0.189655,0.431034,0.155172,0.741379,0.603448
2019,07016154502,Burnham SD 154-5,Burnham,0.888889,0.5,0.0625,0.25,0.1875,0.5,0.3125
2019,26062170026,Bushnell Prairie City CUSD 170,Bushnell,0.657143,0.0434783,0.26087,0.173913,0.521739,0.73913,0.782609
2019,19022053002,Butler SD 53,Oak Brook,1,0.117647,0.0882353,0.382353,0.411765,0.794118,0.823529
2019,47071226026,Byron CUSD 226,Byron,0.955556,0.72093,0.162791,0.0581395,0.0581395,0.0697674,0.27907
2019,50082187026,Cahokia CUSD 187,Cahokia,0.964602,0.389908,0.256881,0.197248,0.155963,0.582569,0.362385
2019,30002001022,Cairo USD 1,Cairo,0.909091,0.45,0.05,0.3,0.2,0.55,0.45
2019,40007040026,Calhoun CUSD 40,Hardin,0.972973,0.305556,0.166667,0.111111,0.416667,0.5,0.5
2019,07016155002,Calumet City SD 155,Calumet City,0.987654,0.1375,0.125,0.3125,0.425,0.8,0.7375
2019,07016132002,Calumet Public SD 132,Calumet Park,0.605263,0.282609,0.304348,0.195652,0.217391,0.565217,0.456522
2019,28037227026,Cambridge CUSD 227,Cambridge,0.517241,0.0666667,0,0.2,0.733333,0.933333,0.866667
2019,26029066025,Canton Union SD 66,Canton,0.866667,0.647436,0.121795,0.121795,0.108974,0.301282,0.25641
2019,49081036002,Carbon Cliff-Barstow SD 36,Silvis,0.96875,0.645161,0.0645161,0.129032,0.16129,0.290323,0.322581
2019,30039095002,Carbondale ESD 95,Carbondale,0.977901,0.514124,0.101695,0.158192,0.225989,0.423729,0.40678
2019,40056001026,Carlinville CUSD 1,Carlinville,0.797753,0.521127,0.112676,0.183099,0.183099,0.380282,0.43662
2019,13014001026,Carlyle CUSD 1,Carlyle,0.985075,0.287879,0.181818,0.106061,0.424242,0.636364,0.530303
2019,20097005026,Carmi-White County CUSD 5,Carmi,0.990099,0.3,0.21,0.14,0.35,0.62,0.55
2019,20083002026,Carrier Mills-Stonefort CUSD 2,Carrier Mills,1,0.121212,0.181818,0.454545,0.242424,0.848485,0.727273
2019,40031001026,Carrollton CUSD 1,Carrollton,0.923077,0.458333,0.0833333,0.208333,0.25,0.458333,0.5
2019,21100005026,Carterville CUSD 5,Carterville,0.97093,0.407186,0.191617,0.155689,0.245509,0.449102,0.497006
2019,26034317004,Carthage ESD 317,Carthage,0.952381,0.425,0.05,0.35,0.175,0.575,0.525
2019,44063026004,Cary CCSD 26,Cary,0.962406,0.378906,0.148438,0.222656,0.25,0.539063,0.472656
2019,11012004C26,Casey-Westfield CUSD 4C,Casey,0.968254,0.57377,0.147541,0.229508,0.0491803,0.295082,0.409836
2019,19022063002,Cass SD 63,Darien,0.986842,0.0666667,0.04,0.04,0.853333,0.933333,0.893333
2019,07016146004,CCSD 146,Tinley Park,0.987234,0.262931,0.116379,0.159483,0.461207,0.676724,0.642241
2019,07016168004,CCSD 168,Sauk Village,1,0.447154,0.170732,0.154472,0.227642,0.455285,0.406504
2019,19022180004,CCSD 180,Burr Ridge,1,0.489796,0.183673,0.204082,0.122449,0.489796,0.326531
2019,05016062004,CCSD 62,Des Plaines,0.922551,0.479012,0.204938,0.17037,0.145679,0.479012,0.320988
2019,19022089004,CCSD 89,Glen Ellyn,0.979592,0.245833,0.183333,0.245833,0.325,0.691667,0.570833
2019,19022066002,Center Cass SD 66,Downers Grove,0.944444,0.495798,0.176471,0.226891,0.10084,0.436975,0.336134
2019,11087021026,Central A & M CUD 21,Assumption,0.909091,0.025,0.125,0.175,0.675,0.9,0.875
2019,13058133002,Central City SD 133,Centralia,0.967742,0.0333333,0.1,0.0666667,0.8,0.9,0.933333
2019,01001003026,Central CUSD 3,Camp Point,0.972222,0.585714,0.128571,0.0285714,0.257143,0.371429,0.314286
2019,31045301026,Central CUSD 301,Burlington,0.968051,0.247525,0.181518,0.234323,0.336634,0.60066,0.570957
2019,32038004026,Central CUSD 4,Ashkum,0.95,0.140351,0.140351,0.403509,0.315789,0.824561,0.701754
2019,50082104002,Central SD 104,O Fallon,1,0.413793,0.241379,0.103448,0.241379,0.482759,0.431034
2019,53090051002,Central SD 51,Washington,0.987097,0.320261,0.111111,0.183007,0.385621,0.607843,0.562092
2019,07016110002,Central Stickney SD 110,Chicago,1,0.130435,0.130435,0.347826,0.391304,0.869565,0.652174
2019,13058135002,Centralia SD 135,Centralia,0.940171,0.463636,0.181818,0.0454545,0.309091,0.509091,0.381818
2019,30077100026,Century CUSD 100,Ullin,0.972973,0.305556,0.194444,0.194444,0.305556,0.694444,0.5
2019,39074100026,Cerro Gordo CUSD 100,Cerro Gordo,1,0.277778,0.0555556,0.0555556,0.611111,0.666667,0.638889
2019,08008399026,Chadwick-Milledgeville CUSD 399,Milledgeville,1,0.382353,0.117647,0.147059,0.352941,0.5,0.529412
2019,09010004026,Champaign CUSD 4,Champaign,0.940389,0.408797,0.150065,0.19793,0.243208,0.516171,0.43467
2019,56099088002,Chaney-Monge SD 88,Crest Hill,0.972973,0.333333,0.305556,0.138889,0.222222,0.583333,0.361111
2019,56099017002,Channahon SD 17,Channahon,1,0.0676692,0.165414,0.300752,0.466165,0.909774,0.759398
2019,11015001026,Charleston CUSD 1,Charleston,0.868778,0.171875,0.177083,0.161458,0.489583,0.713542,0.651042
2019,45079139026,Chester CUSD 139,Chester,0.942029,0.323077,0.184615,0.169231,0.323077,0.569231,0.569231
2019,17054061004,Chester-East Lincoln CCSD 61,Lincoln,1,0.242424,0.121212,0.181818,0.454545,0.69697,0.69697
2019,07016170002,Chicago Heights SD 170,Chicago Heights,0.874046,0.458515,0.20524,0.144105,0.19214,0.49345,0.323144
2019,07016127502,Chicago Ridge SD 127-5,Chicago Ridge,0.986111,0.577465,0.119718,0.0774648,0.225352,0.401408,0.28169
2019,21028099026,Christopher USD 99,Christopher,0.897436,0.228571,0.142857,0.342857,0.285714,0.714286,0.685714
2019,06016099002,Cicero SD 99,Cicero,0.826848,0.476471,0.225882,0.151765,0.145882,0.495294,0.288235
2019,32038006026,Cissna Park CUSD 6,Cissna Park,1,0.615385,0.153846,0.230769,0,0.384615,0.230769
2019,15016299025,City of Chicago SD 299,Chicago,0.863222,0.402551,0.161663,0.155141,0.280645,0.534625,0.442931
2019,12013010026,Clay City CUSD 10,Clay City,0.904762,0.157895,0,0.0526316,0.789474,0.789474,0.842105
2019,17020015026,Clinton CUSD 15,Clinton,0.984375,0.412698,0.15873,0.206349,0.222222,0.460317,0.388889
2019,24032001026,Coal City CUSD 1,Coal City,0.915385,0.210084,0.176471,0.260504,0.352941,0.621849,0.739496
2019,30091017022,Cobden SUD 17,Cobden,0.9375,0.333333,0.1,0.133333,0.433333,0.633333,0.566667
2019,41057010026,Collinsville CUSD 10,Collinsville,0.890951,0.229167,0.151042,0.231771,0.388021,0.705729,0.635417
2019,28037190002,Colona SD 190,Colona,0.979167,0.297872,0.0851064,0.255319,0.361702,0.638298,0.680851
2019,45067004026,Columbia CUSD 4,Columbia,0.992806,0.246377,0.123188,0.108696,0.521739,0.666667,0.637681
2019,05016059004,Comm Cons SD 59,Elk Grove Vlg,0.974763,0.414239,0.190939,0.168285,0.226537,0.529126,0.406149
2019,07016130002,Cook County SD 130,Blue Island,0.770035,0.533937,0.257919,0.135747,0.0723982,0.39819,0.230769
2019,45079001022,Coulterville USD 1,Coulterville,1,1,0,0,0,0,0
2019,07016160002,Country Club Hills SD 160,Country Club Hills,0.936364,0.631068,0.116505,0.0873786,0.165049,0.349515,0.252427
2019,30091043004,County of Union Sch Dist No43,Jonesboro,1,0.129032,0.0322581,0.0967742,0.741935,0.870968,0.83871
2019,04101320026,County of Winnebago SD 320,South Beloit,0.986111,0.140845,0.183099,0.28169,0.394366,0.816901,0.704225
2019,11087003A26,Cowden-Herrick CUSD 3A,Cowden,1,0.625,0.0833333,0.0833333,0.208333,0.333333,0.291667
2019,21100003026,Crab Orchard CUSD 3,Marion,1,0.538462,0.192308,0.269231,0,0.423077,0.307692
2019,56099201U26,Crete Monee CUSD 201U,Crete,0.761905,0.533654,0.230769,0.110577,0.125,0.355769,0.278846
2019,44063047004,Crystal Lake CCSD 47,Crystal Lake,0.964639,0.423754,0.184751,0.16129,0.230205,0.498534,0.369501
2019,11018077026,Cumberland CUSD 77,Toledo,1,0.494253,0.149425,0.229885,0.126437,0.45977,0.367816
2019,19022200026,CUSD 200,Wheaton,0.983759,0.129717,0.112028,0.232311,0.525943,0.770047,0.742925
2019,19022201026,CUSD 201,Westmont,0.981308,0.47619,0.247619,0.133333,0.142857,0.447619,0.295238
2019,26029003026,CUSD 3 Fulton County,Cuba,0.958333,0.565217,0.130435,0.26087,0.0434783,0.391304,0.347826
2019,31045300026,CUSD 300,Algonquin,0.923023,0.331312,0.156179,0.195603,0.316907,0.615618,0.523882
2019,24047308026,CUSD 308,Oswego,0.950717,0.298775,0.154571,0.220547,0.326107,0.641847,0.555137
2019,01001004026,CUSD 4,Mendon,0.980392,0.66,0.14,0.08,0.12,0.2,0.3
2019,21044064002,Cypress SD 64,Cypress,0.923077,0.166667,0.25,0,0.583333,0.75,0.666667
2019,08089201026,Dakota CUSD 201,Dakota,1,0.127273,0.345455,0.0909091,0.436364,0.872727,0.454545
2019,26034327004,Dallas ESD 327,Dallas City,1,0.357143,0,0.357143,0.285714,0.642857,0.571429
2019,54092118024,Danville CCSD 118,Danville,0.893271,0.597403,0.0987013,0.116883,0.187013,0.381818,0.290909
2019,19022061002,Darien SD 61,Darien,0.987261,0.432258,0.419355,0.116129,0.0322581,0.503226,0.122581
2019,39055061025,Decatur SD 61,Decatur,0.77304,0.380783,0.151246,0.147687,0.320285,0.540925,0.462633
2019,53090701026,Deer Creek-Mackinaw CUSD 701,Mackinaw,0.974359,0.0657895,0.197368,0.25,0.486842,0.907895,0.736842
2019,34049109002,Deerfield SD 109,Deerfield,0.944444,0.117647,0.105882,0.278431,0.498039,0.784314,0.776471
2019,16019428026,DeKalb CUSD 428,Dekalb,0.908537,0.387025,0.176734,0.136465,0.299776,0.55481,0.418345
2019,39074057026,Deland-Weldon CUSD 57,De Land,0.909091,0,0.2,0,0.8,1,0.8
2019,53090703026,Delavan CUSD 703,Delavan,0.974359,0.447368,0.342105,0.105263,0.105263,0.5,0.263158
2019,28006103022,DePue USD 103,DePue,0.941176,0.125,0.125,0.4375,0.3125,0.8125,0.75
2019,34049076002,Diamond Lake SD 76,Mundelein,1,0.282353,0.2,0.2,0.317647,0.670588,0.505882
2019,03025030026,Dieterich CUSD 30,Dieterich,1,0.0980392,0.0392157,0.509804,0.352941,0.882353,0.862745
2019,35050017504,Dimmick Community Consolidated SD #175,La Salle,1,0.117647,0.117647,0.176471,0.588235,0.705882,0.823529
2019,53090050002,District 50 Schools,Washington,1,0.493506,0.12987,0.194805,0.181818,0.350649,0.428571
2019,47052170022,Dixon USD 170,Dixon,0.973822,0.344086,0.209677,0.301075,0.145161,0.607527,0.478495
2019,07016148002,Dolton SD 148,Riverdale,0.790055,0.517483,0.181818,0.181818,0.118881,0.461538,0.300699
2019,07016149002,Dolton SD 149,Calumet City,0.949153,0.477679,0.200893,0.129464,0.191964,0.473214,0.339286
2019,30091066022,Dongola USD 66,Dongola,0.95,0.684211,0.157895,0.105263,0.0526316,0.315789,0.157895
2019,32038003026,Donovan CUSD 3,Donovan,1,0.217391,0.217391,0.521739,0.0434783,0.73913,0.608696
2019,19022058002,Downers Grove GSD 58,Downers Grove,0.929273,0.272727,0.131078,0.230444,0.365751,0.634249,0.604651
2019,30073300026,Du Quoin CUSD 300,Du Quoin,1,0.255102,0.0918367,0.469388,0.183673,0.693878,0.693878
2019,48072323026,Dunlap CUSD 323,Peoria,0.956403,0.299145,0.139601,0.156695,0.404558,0.643875,0.578348
2019,50082196026,Dupo CUSD 196,Dupo,0.988764,0.318182,0.181818,0.284091,0.215909,0.602273,0.511364
2019,04101322026,Durand CUSD 322,Durand,0.979167,0.361702,0.170213,0.0851064,0.382979,0.574468,0.446809
2019,17053232002,Dwight Common SD 232,Dwight,0.884615,0.0434783,0.0652174,0.152174,0.73913,0.782609,0.913043
2019,35050009026,Earlville CUSD 9,Earlville,1.05,0.75,0.2,0,0.05,0.15,0.15
2019,41057013002,East Alton SD 13,East Alton,0.961039,0.5,0.108108,0.256757,0.135135,0.445946,0.405405
2019,47098020002,East Coloma - Nelson CESD 20,Rock Falls,1,0.16,0.12,0.28,0.44,0.72,0.72
2019,08043119022,East Dubuque USD 119,East Dubuque,0.978723,0.152174,0.152174,0.282609,0.413043,0.456522,0.76087
2019,05016063002,East Maine SD 63,Des Plaines,0.81201,0.363344,0.202572,0.163987,0.270096,0.594855,0.411576
2019,49081037002,East Moline SD 37,East Moline,0.97318,0.472441,0.204724,0.11811,0.204724,0.444882,0.354331
2019,53090086002,East Peoria SD 86,East Peoria,0.947368,0.590278,0.180556,0.0763889,0.152778,0.3125,0.291667
2019,05016073002,East Prairie SD 73,Skokie,0.653061,0.59375,0.03125,0.125,0.25,0.34375,0.375
2019,50082189022,East St Louis SD 189,East Saint Louis,0.910165,0.581818,0.176623,0.0909091,0.150649,0.350649,0.285714
2019,08008308026,Eastland CUSD 308,Shannon,0.978723,0.26087,0.108696,0.152174,0.478261,0.695652,0.608696
2019,11023006026,Edgar County CUD 6,Chrisman,1,0.285714,0.142857,0.357143,0.214286,0.642857,0.642857
2019,03011004026,Edinburg CUSD 4,Edinburg,0.8,0.0833333,0.166667,0.333333,0.416667,0.666667,0.916667
2019,20024001026,Edwards County CUSD 1,Albion,0.972222,0.385714,0.185714,0.228571,0.2,0.557143,0.485714
2019,41057007026,Edwardsville CUSD 7,Edwardsville,0.990215,0.203557,0.132411,0.203557,0.460474,0.689723,0.699605
2019,03025040026,Effingham CUSD 40,Effingham,0.984456,0.294737,0.136842,0.252632,0.315789,0.673684,0.573684
2019,30002005026,Egyptian CUSD 5,Tamms,0.969697,0.71875,0.21875,0.0625,0,0.25,0
2019,53102011026,El Paso-Gridley CUSD 11,El Paso,1,0.0657895,0.118421,0.171053,0.644737,0.868421,0.763158
2019,20083004026,Eldorado CUSD 4,Eldorado,0.897436,0.357143,0.157143,0.2,0.285714,0.571429,0.485714
2019,31045900025,Elgin Math and Science Academy Charter School,Elgin,0.923077,0.75,0.208333,0.0208333,0.0208333,0.104167,0.145833
2019,19022205026,Elmhurst SD 205,Elmhurst,0.988142,0.256,0.15,0.178,0.416,0.656,0.62
2019,48072322026,Elmwood CUSD 322,Elmwood,1,0.0232558,0.0930233,0.0697674,0.813953,0.976744,0.813953
2019,06016401026,Elmwood Park CUSD 401,Elmwood Park,0.923729,0.40367,0.137615,0.165138,0.293578,0.541284,0.412844
2019,30039196026,Elverado CUSD 196,Elkville,1,0.272727,0.151515,0.151515,0.424242,0.727273,0.545455
2019,56099203004,Elwood CCSD 203,Elwood,1,0.0606061,0.151515,0.0606061,0.727273,0.878788,0.848485
2019,34049033002,Emmons SD 33,Antioch,1,0.423077,0.115385,0.153846,0.307692,0.5,0.5
2019,47098001026,Erie CUSD 1,Erie,0.659091,0.172414,0.0689655,0.413793,0.344828,0.793103,0.758621
2019,07016159002,ESD 159,Matteson,1,0.361963,0.116564,0.134969,0.386503,0.588957,0.533742
2019,47071269004,Eswood CCSD 269,Lindenwood,1,0.4,0.3,0.3,0,0.6,0
2019,53102140026,Eureka CUD 140,Eureka,0.991304,0.307018,0.0614035,0.114035,0.517544,0.657895,0.640351
2019,05016065004,Evanston CCSD 65,Evanston,0.884666,0.266667,0.168889,0.16,0.404444,0.665185,0.57037
2019,07016124002,Evergreen Park ESD 124,Evergreen Park,0.914573,0.593407,0.131868,0.0989011,0.175824,0.384615,0.285714
2019,21028115004,Ewing Northern CCSD 115,Ewing,0.96,0.291667,0.0416667,0.125,0.541667,0.625,0.708333
2019,20096112004,Fairfield PSD 112,Fairfield,0.955882,0.384615,0.215385,0.230769,0.169231,0.4,0.523077
2019,56099089002,Fairmont SD 89,Lockport,0.95,0.157895,0.157895,0.157895,0.526316,0.842105,0.631579
2019,48072265026,Farmington Central CUSD 265,Farmington,0.97619,0.158537,0.134146,0.109756,0.597561,0.768293,0.768293
2019,13041003004,Field CCSD 3,Texico,1,0.0588235,0.0588235,0.235294,0.647059,0.941176,0.882353
2019,53102006026,Fieldcrest CUSD 6,Minonk,1,0.421875,0.140625,0.328125,0.109375,0.484375,0.5
2019,09010001026,Fisher CUSD 1,Fisher,1,0.44,0.18,0.14,0.24,0.46,0.38
2019,17053074027,Flanagan-Cornell Dist 74,Flanagan,0.941176,0.3125,0.0625,0.0625,0.5625,0.625,0.625
2019,12013035026,Flora CUSD 35,Flora,0.913462,0.421053,0.189474,0.221053,0.168421,0.568421,0.336842
2019,07016161002,Flossmoor SD 161,Chicago Heights,0.946602,0.230769,0.148718,0.123077,0.497436,0.65641,0.646154
2019,07016169002,Ford Heights SD 169,Ford Heights,0.959184,0.404255,0.212766,0.0212766,0.361702,0.574468,0.404255
2019,06016091002,Forest Park SD 91,Forest Park,0.9375,0.111111,0.211111,0.288889,0.388889,0.855556,0.666667
2019,07016142002,Forest Ridge SD 142,Oak Forest,0.940789,0.251748,0.223776,0.181818,0.342657,0.72028,0.524476
2019,47071221026,Forrestville Valley CUSD 221,Forreston,1,0.648148,0.203704,0.0740741,0.0740741,0.222222,0.259259
2019,34049114002,Fox Lake GSD 114,Spring Grove,1,0.296296,0.296296,0.222222,0.185185,0.62963,0.462963
2019,44063003003,Fox River Grove Cons SD 3,Fox River Grove,1,0.139535,0.162791,0.209302,0.488372,0.860465,0.674419
2019,56099157C04,Frankfort CCSD 157C,Frankfort,0.995781,0.139831,0.139831,0.131356,0.588983,0.779661,0.720339
2019,21028168026,Frankfort CUSD 168,West Frankfort,0.943548,0.452991,0.290598,0.102564,0.153846,0.538462,0.25641
2019,01069001026,Franklin CUSD 1,Franklin,1,0.2,0.0666667,0.133333,0.6,0.733333,0.8
2019,06016084002,Franklin Park SD 84,Franklin Park,0.966102,0.377193,0.175439,0.184211,0.263158,0.605263,0.464912
2019,50082070004,Freeburg CCSD 70,Freeburg,0.974359,0.328947,0.0921053,0.342105,0.236842,0.592105,0.578947
2019,08089145022,Freeport SD 145,Freeport,0.937282,0.494424,0.234201,0.126394,0.144981,0.412639,0.29368
2019,34049079002,Fremont SD 79,Mundelein,0.965854,0.232323,0.641414,0.0757576,0.0505051,0.762626,0.116162
2019,20083001026,Galatia CUSD 1,Galatia,1,0.333333,0.0666667,0.0333333,0.566667,0.633333,0.6
2019,08043120022,Galena USD 120,Galena,1,0.388889,0.407407,0.0740741,0.12963,0.277778,0.185185
2019,33048205026,Galesburg CUSD 205,Galesburg,0.944272,0.540984,0.121311,0.12459,0.213115,0.386885,0.314754
2019,20030007026,Gallatin CUSD 7,Junction,0.88,0.227273,0.227273,0.25,0.295455,0.704545,0.590909
2019,28037224026,Galva CUSD 224,Galva,1,0.354839,0.193548,0.193548,0.258065,0.580645,0.483871
2019,24032072C04,Gardner CCSD 72C,Gardner,0.833333,0,0.133333,0.0666667,0.8,0.933333,0.866667
2019,34049037002,Gavin SD 37,Ingleside,0.583333,0.196429,0.321429,0.178571,0.303571,0.660714,0.571429
2019,20096014004,Geff CCSD 14,Geff,1,0.6,0.2,0,0.2,0.3,0.2
2019,07016133002,Gen George Patton SD 133,Riverdale,0.75,0.466667,0.133333,0.4,0,0.533333,0.4
2019,28037228026,Geneseo CUSD 228,Geneseo,0.96129,0.14094,0.114094,0.281879,0.463087,0.805369,0.704698
2019,31045304026,Geneva CUSD 304,Geneva,0.929204,0.244444,0.15873,0.161905,0.434921,0.685714,0.615873
2019,16019424026,Genoa Kingston CUSD 424,Genoa,1,0.256881,0.238532,0.183486,0.321101,0.678899,0.477064
2019,54092004026,Georgetown-Ridge Farm CUD 4,Georgetown,0.984375,0.460317,0.206349,0.174603,0.15873,0.460317,0.396825
2019,53102069002,Germantown Hills SD 69,Germantown Hills,0.978261,0.633333,0.111111,0.155556,0.1,0.266667,0.333333
2019,13014060002,Germantown SD 60,Germantown,1,0.26087,0.0869565,0.304348,0.347826,0.565217,0.73913
2019,30039130004,Giant City CCSD 130,Carbondale,1,0.65,0.25,0.1,0,0,0.35
2019,09027005026,Gibson City-Melvin-Sibley CUSD 5,Gibson City,1,0.421687,0.13253,0.168675,0.277108,0.518072,0.493976
2019,09010188004,Gifford CCSD 188,Gifford,1,0.0555556,0,0.277778,0.666667,0.888889,0.888889
2019,40056007026,Gillespie CUSD 7,Gillespie,0.875,0.0714286,0.242857,0.157143,0.528571,0.842857,0.685714
2019,19022041002,Glen Ellyn SD 41,Glen Ellyn,0.994987,0.151134,0.133501,0.216625,0.498741,0.753149,0.680101
2019,05016035002,Glencoe SD 35,Glencoe,0.981308,0.514286,0.257143,0.171429,0.0571429,0.352381,0.285714
2019,05016034004,Glenview CCSD 34,Glenview,0.979943,0.216374,0.307018,0.251462,0.225146,0.55848,0.634503
2019,05016067002,Golf ESD 67,Morton Grove,0.969697,0.609375,0.171875,0.109375,0.109375,0.234375,0.34375
2019,21044001026,Goreville CUD 1,Goreville,0.961538,0.34,0.1,0.06,0.5,0.64,0.54
2019,19022062002,Gower SD 62,Willowbrook,0.97561,0.175,0.175,0.2375,0.4125,0.7375,0.6625
2019,35050095004,Grand Ridge CCSD 95,Grand Ridge,1,0.181818,0.181818,0.0909091,0.545455,0.727273,0.727273
2019,41057009026,Granite City CUSD 9,Granite City,0.942721,0.531646,0.177215,0.126582,0.164557,0.443038,0.296203
2019,50082110004,Grant CCSD 110,Fairview Heights,0.967742,0.266667,0.116667,0.333333,0.283333,0.633333,0.65
2019,32046006026,Grant Park CUSD 6,Grant Park,0.96875,0.0645161,0,0.258065,0.677419,0.903226,0.935484
2019,34049036002,Grass Lake SD 36,Antioch,0.9375,0.266667,0.333333,0.266667,0.133333,0.533333,0.2
2019,34049046004,Grayslake CCSD 46,Grayslake,0.967302,0.402817,0.174648,0.138028,0.284507,0.532394,0.422535
2019,20097001026,Grayville CUSD 1,Grayville,0.954545,0.238095,0.047619,0.238095,0.47619,0.761905,0.666667
2019,40031010026,Greenfield CUSD 10,Greenfield,0.95122,0.205128,0.179487,0.333333,0.282051,0.794872,0.589744
2019,51065200026,Greenview CUSD 200,Greenview,1,0.105263,0.0526316,0.263158,0.578947,0.842105,0.789474
2019,01075004026,Griggsville-Perry CUSD 4,Griggsville,1,0.424242,0.151515,0.0909091,0.333333,0.515152,0.454545
2019,34049056002,Gurnee SD 56,Gurnee,0.981928,0.226994,0.177914,0.282209,0.312883,0.723926,0.619632
2019,26034328024,Hamilton CCSD 328,Hamilton,0.98,0.0816327,0.183673,0.387755,0.346939,0.836735,0.77551
2019,20033010026,Hamilton Co CUSD 10,Mc Leansboro,0.986301,0.25,0.263889,0.180556,0.305556,0.402778,0.736111
2019,49081029002,Hampton SD 29,Hampton,1,0.04,0.32,0.08,0.56,0.96,0.64
2019,20035001026,Hardin County CUSD 1,Elizabethtown,0.871795,0.411765,0.176471,0.235294,0.176471,0.441176,0.470588
2019,04101122022,Harlem UD 122,Machesney Park,0.981333,0.383152,0.11413,0.220109,0.282609,0.584239,0.521739
2019,50082175002,Harmony Emge SD 175,Belleville,1,0.376623,0.155844,0.220779,0.246753,0.493506,0.519481
2019,20083003026,Harrisburg CUSD 3,Harrisburg,0.992063,0.272,0.16,0.232,0.336,0.672,0.584
2019,44063036002,Harrison SD 36,Wonder Lake,1,0.418605,0.209302,0.162791,0.209302,0.55814,0.395349
2019,17054021026,Hartsburg Emden CUSD 21,Hartsburg,1,0.428571,0.214286,0.0714286,0.285714,0.428571,0.428571
2019,44063050026,Harvard CUSD 50,Harvard,0.977654,0.508571,0.188571,0.108571,0.194286,0.491429,0.274286
2019,07016152002,Harvey SD 152,Harvey,0.836257,0.496503,0.272727,0.0559441,0.174825,0.377622,0.342657
2019,53060126026,Havana CUSD 126,Havana,0.946429,0.377358,0.0943396,0.113208,0.415094,0.603774,0.509434
2019,34049073004,Hawthorn CCSD 73,Vernon Hills,0.956284,0.28,0.197143,0.257143,0.265714,0.648571,0.52
2019,07016152502,Hazel Crest SD 152-5,Hazel Crest,0.914286,0.578125,0.234375,0.109375,0.078125,0.28125,0.1875
2019,35059005026,Henry-Senachwine CUSD 5,Henry,0.868421,0.242424,0.151515,0.121212,0.484848,0.545455,0.636364
2019,09010008026,Heritage CUSD 8,Homer,1,0.555556,0.185185,0.0740741,0.185185,0.333333,0.333333
2019,21100004026,Herrin CUSD 4,Herrin,0.966292,0.494186,0.186047,0.139535,0.180233,0.482558,0.319767
2019,32046002026,Herscher CUSD 2,Herscher,0.991304,0.289474,0.0877193,0.157895,0.464912,0.596491,0.649123
2019,17064004026,Heyworth CUSD 4,Heyworth,1,0.0338983,0.237288,0.322034,0.40678,0.440678,0.694915
2019,16019426026,Hiawatha CUSD 426,Kirkland,0.961538,0.56,0.2,0.12,0.12,0.28,0.36
2019,50082116002,High Mount SD 116,Swansea,0.931034,0.555556,0.333333,0.111111,0,0.407407,0
2019,41057005026,Highland CUSD 5,Highland,0.995122,0.102941,0.0784314,0.147059,0.671569,0.877451,0.79902
2019,03068003026,Hillsboro CUSD 3,Hillsboro,0.973214,0.321101,0.100917,0.119266,0.458716,0.642202,0.559633
2019,06016093002,Hillside SD 93,Hillside,0.823529,0.821429,0.0357143,0.107143,0.0357143,0.178571,0.142857
2019,16019429026,Hinckley Big Rock CUSD 429,Hinckley,1,0.490196,0.117647,0.117647,0.27451,0.411765,0.392157
2019,19022181004,Hinsdale CCSD 181,Clarendon Hills,0.98494,0.0458716,0.143731,0.559633,0.250765,0.877676,0.877676
2019,48072328003,Hollis Cons SD 328,Peoria,1,0.1,0,0.3,0.6,0.7,0.9
2019,56099033C04,Homer CCSD 33C,Homer Glen,0.986772,0.268097,0.128686,0.230563,0.372654,0.662198,0.619303
2019,07016153002,Homewood SD 153,Homewood,0.971264,0.195266,0.0769231,0.195266,0.532544,0.751479,0.739645
2019,54092011026,Hoopeston Area CUSD 11,Hoopeston,1,0.337209,0.151163,0.174419,0.337209,0.627907,0.523256
2019,07016157002,Hoover-Schrum Memorial SD 157,Calumet City,0.897436,0.471429,0.214286,0.2,0.114286,0.457143,0.285714
2019,15016901025,Horizon Science Acad-Belmont Charter Sch,Chicago,0.982759,0.298246,0.315789,0.157895,0.22807,0.666667,0.385965
2019,15016900025,Horizon Science Acad-McKinley Park Charter Sch,Chicago,0.844828,0.612245,0.204082,0.142857,0.0408163,0.387755,0.163265
2019,44063158022,Huntley Community School District 158,Algonquin,0.984642,0.188908,0.228769,0.35182,0.230503,0.731369,0.455806
2019,12017001026,Hutsonville CUSD 1,Hutsonville,0.952381,0,0.15,0.45,0.4,1,0.85
2019,48072321026,Il Valley Central USD 321,Chillicothe,0.984962,0.0534351,0.0839695,0.114504,0.748092,0.908397,0.832061
2019,48072327026,Illini Bluffs CUSD 327,Glasford,1,0.213115,0.180328,0.0655738,0.540984,0.737705,0.57377
2019,53060189026,Illini Central CUSD 189,Mason City,1,0.292683,0.146341,0.170732,0.390244,0.682927,0.560976
2019,16019425026,Indian Creek CUSD 425,Shabbona,0.977778,0.0681818,0.0454545,0.0454545,0.840909,0.931818,0.840909
2019,19022204026,Indian Prairie CUSD 204,Aurora,0.985525,0.288633,0.163474,0.192209,0.355683,0.633461,0.534483
2019,07016109002,Indian Springs SD 109,Justice,0.966165,0.424125,0.202335,0.22179,0.151751,0.521401,0.396887
2019,32038009026,Iroquois County CUSD 9,Watseka,1,0.246154,0.153846,0.169231,0.430769,0.692308,0.569231
2019,32038010026,Iroquois West CUSD 10,Gilman,0.947368,0.222222,0.296296,0.12963,0.351852,0.759259,0.425926
2019,19022010002,Itasca SD 10,Itasca,1,0.185567,0.298969,0.185567,0.329897,0.618557,0.525773
2019,01069117022,Jacksonville SD 117,Jacksonville,0.961864,0.30837,0.215859,0.162996,0.312775,0.511013,0.563877
2019,20096017004,Jasper CCSD 17,Fairfield,1,0.45,0.1,0.1,0.35,0.55,0.35
2019,12040001026,Jasper County CUD 1,Newton,1,0.353659,0.109756,0.243902,0.292683,0.597561,0.512195
2019,40042100026,Jersey CUSD 100,Jerseyville,0.957447,0.366667,0.111111,0.2,0.322222,0.527778,0.522222
2019,44063012026,Johnsburg CUSD 12,Johnsburg,0.836066,0.598039,0.147059,0.0980392,0.156863,0.362745,0.27451
2019,21100001026,Johnston City CUSD 1,Johnston City,0.984375,0.809524,0.111111,0.0793651,0,0.15873,0.111111
2019,56099086005,Joliet PSD 86,Joliet,0.913655,0.60989,0.183516,0.120879,0.0857143,0.362637,0.216484
2019,21061038026,Joppa-Maple Grove UD 38,Joppa,1,0.4,0.133333,0.133333,0.333333,0.6,0.4
2019,31045302026,Kaneland CUSD 302,Maple Park,0.966777,0.659794,0.137457,0.123711,0.0790378,0.254296,0.237113
2019,32046111025,Kankakee SD 111,Kankakee,0.895062,0.634483,0.165517,0.106897,0.0931034,0.293103,0.182759
2019,11023003026,Kansas CUSD 3,Kansas,0.769231,0.3,0.2,0,0.5,0.7,0.5
2019,19022020002,Keeneyville SD 20,Hanover Park,0.941667,0.672566,0.150442,0.0884956,0.0884956,0.292035,0.185841
2019,05016038002,Kenilworth SD 38,Kenilworth,1,0.270833,0.145833,0.1875,0.395833,0.625,0.604167
2019,28037229026,Kewanee CUSD 229,Kewanee,0.982301,0.396396,0.162162,0.162162,0.279279,0.504505,0.513514
2019,34049096004,Kildeer Countryside CCSD 96,Buffalo Grove,0.981949,0.349265,0.198529,0.180147,0.272059,0.463235,0.481618
2019,04101131004,Kinnikinnick CCSD 131,Roscoe,0.982456,0.684524,0.178571,0.136905,0,0.279762,0.154762
2019,07016140002,Kirby SD 140,Tinley Park,0.956164,0.326648,0.160458,0.212034,0.30086,0.567335,0.512894
2019,33048202026,Knoxville CUSD 202,Knoxville,0.987013,0.315789,0.0789474,0.0526316,0.552632,0.644737,0.644737
2019,06016102002,La Grange SD 102,La Grange Park,0.977848,0.177994,0.148867,0.161812,0.511327,0.79288,0.66343
2019,06016105002,La Grange SD 105 South,La Grange,0.983471,0.294118,0.159664,0.134454,0.411765,0.630252,0.563025
2019,26034347004,La Harpe CSD 347,La Harpe,0.96,0.208333,0.166667,0.375,0.25,0.708333,0.708333
2019,28006303026,La Moille CUSD 303,La Moille,1,0.235294,0.117647,0.235294,0.411765,0.764706,0.647059
2019,35050122002,La Salle ESD 122,La Salle,0.943925,0.425743,0.188119,0.217822,0.168317,0.574257,0.356436
2019,28006094004,Ladd CCSD 94,Ladd,0.888889,0.8125,0.1875,0,0,0.125,0
2019,06016106002,LaGrange Highlands SD 106,La Grange Highlands,0.733333,0.469697,0.0454545,0.19697,0.287879,0.530303,0.454545
2019,34049067005,Lake Forest SD 67,Lake Forest,0.986301,0.520833,0.138889,0.159722,0.180556,0.354167,0.368056
2019,34049041004,Lake Villa CCSD 41,Lake Villa,0.952174,0.452055,0.173516,0.164384,0.210046,0.488584,0.401826
2019,34049095026,Lake Zurich CUSD 95,Lake Zurich,0.966942,0.378917,0.25641,0.233618,0.131054,0.487179,0.415954
2019,07016158002,Lansing SD 158,Lansing,0.996503,0.298246,0.185965,0.178947,0.336842,0.617544,0.561404
2019,56099070C04,Laraway CCSD 70C,Joliet,0.957447,0.644444,0.266667,0.0666667,0.0222222,0.288889,0.155556
2019,12051020026,Lawrence County CUD 20,Lawrenceville,0.972973,0.296296,0.212963,0.268519,0.222222,0.314815,0.555556
2019,34049901025,LEARN Charter 9 Campus in Waukegan,Waukegan,0.90625,0.896552,0.103448,0,0,0.103448,0
2019,50082009026,Lebanon CUSD 9,Lebanon,0.981481,0.301887,0.283019,0.245283,0.169811,0.603774,0.509434
2019,35050001026,Leland CUSD 1,Leland,0.961538,0.36,0.52,0.12,0,0.52,0
2019,07016113A02,Lemont-Bromberek CSD 113A,Lemont,0.914286,0.0260417,0.03125,0.09375,0.848958,0.963542,0.875
2019,08089202026,Lena Winslow CUSD 202,Lena,1,0.4375,0.0625,0.0833333,0.416667,0.5,0.520833
2019,17064002026,LeRoy CUSD 2,Le Roy,0.981481,0.0754717,0.0566038,0.150943,0.716981,0.773585,0.830189
2019,26029097026,Lewistown CUSD 97,Lewistown,1,0.604651,0.186047,0.209302,0,0.325581,0.27907
2019,17064007026,Lexington CUSD 7,Lexington,1,0.107143,0.0714286,0.214286,0.607143,0.821429,0.857143
2019,01001002026,Liberty CUSD 2,Liberty,0.916667,0.418182,0.127273,0.218182,0.236364,0.418182,0.490909
2019,34049070002,Libertyville SD 70,Libertyville,1,0.44206,0.206009,0.167382,0.184549,0.399142,0.386266
2019,30091016004,Lick Creek CCSD 16,Buncombe,1,0.230769,0.307692,0,0.461538,0.461538,0.615385
2019,48072316004,Limestone Walters CCSD 316,Peoria,0.916667,0.0909091,0.0909091,0,0.818182,0.863636,0.818182
2019,07016156002,Lincoln ESD 156,Calumet City,0.977778,0.454545,0.215909,0.204545,0.125,0.477273,0.340909
2019,17054027002,Lincoln ESD 27,Lincoln,1,0.408696,0.173913,0.208696,0.208696,0.417391,0.513043
2019,34049103002,Lincolnshire-Prairieview SD 103,Lincolnshire,0.993103,0.270833,0.201389,0.298611,0.229167,0.611111,0.569444
2019,05016074002,Lincolnwood SD 74,Lincolnwood,0.981132,0.201923,0.144231,0.134615,0.519231,0.759615,0.615385
2019,06016092002,Lindop SD 92,Broadview,1.03,0.121212,0.333333,0.212121,0.333333,0.818182,0.484848
2019,24047090004,Lisbon CCSD 90,Newark,1,0.105263,0.0526316,0.421053,0.421053,0.789474,0.789474
2019,19022202026,Lisle CUSD 202,Lisle,0.99115,0.241071,0.178571,0.276786,0.303571,0.669643,0.580357
2019,03068012026,Litchfield CUSD 12,Litchfield,1,0.157895,0.147368,0.168421,0.526316,0.768421,0.715789
2019,56099091002,Lockport SD 91,Lockport,1,0.294118,0.27451,0.235294,0.196078,0.705882,0.431373
2019,19022044002,Lombard SD 44,Lombard,0.982196,0.456193,0.214502,0.154079,0.175227,0.465257,0.353474
2019,53102021026,Lowpoint-Washburn CUSD 21,Washburn,0.481481,0.153846,0.0769231,0.153846,0.615385,0.769231,0.692308
2019,06016103002,Lyons SD 103,Lyons,0.944915,0.313901,0.165919,0.165919,0.35426,0.623318,0.560538
2019,26062185026,Macomb CUSD 185,Macomb,0.966216,0.153846,0.181818,0.125874,0.538462,0.804196,0.678322
2019,41057012026,Madison CUSD 12,Madison,0.907407,0.795918,0.142857,0.0408163,0.0204082,0.204082,0.0612245
2019,19022060002,Maercker SD 60,Westmont,0.993671,0.248408,0.159236,0.22293,0.369427,0.694268,0.617834
2019,09010003026,Mahomet-Seymour CUSD 3,Mahomet,0.988189,0.278884,0.179283,0.151394,0.390438,0.653386,0.569721
2019,56099114002,Manhattan SD 114,Manhattan,0.977273,0.0755814,0.127907,0.284884,0.511628,0.819767,0.767442
2019,06016083002,Mannheim SD 83,Franklin Park,0.875,0.463203,0.25974,0.147186,0.12987,0.497835,0.285714
2019,32046005026,Manteno CUSD 5,Manteno,0.96748,0.462185,0.117647,0.184874,0.235294,0.436975,0.436975
2019,44063165003,Marengo-Union E Cons D 165,Marengo,0.95,0.305263,0.147368,0.284211,0.263158,0.663158,0.557895
2019,21100002026,Marion CUSD 2,Marion,0.996644,0.276094,0.111111,0.191919,0.420875,0.693603,0.609428
2019,50082040026,Marissa CUSD 40,Marissa,0.967742,0.333333,0.0666667,0.266667,0.333333,0.633333,0.533333
2019,39055002026,Maroa Forsyth CUSD 2,Forsyth,0.987342,0.0897436,0.0769231,0.0641026,0.769231,0.897436,0.782051
2019,19022015002,Marquardt SD 15,Glendale Heights,0.965812,0.641593,0.216814,0.106195,0.0353982,0.318584,0.172566
2019,35050150002,Marseilles ESD 150,Marseilles,0.979167,0.297872,0.319149,0.148936,0.234043,0.659574,0.382979
2019,11012002C26,Marshall CUSD 2C,Marshall,1,0.833333,0.166667,0,0,0.03125,0.135417
2019,11012003C26,Martinsville CUSD 3C,Martinsville,0.464286,0.307692,0.0769231,0.230769,0.384615,0.615385,0.692308
2019,50082019026,Mascoutah CUD 19,Mascoutah,0.990196,0.458746,0.148515,0.141914,0.250825,0.455446,0.432343
2019,21061001026,Massac UD 1,Metropolis,0.978873,0.251799,0.100719,0.194245,0.453237,0.705036,0.661871
2019,07016162002,Matteson ESD 162,Richton Park,0.95122,0.393162,0.128205,0.235043,0.24359,0.559829,0.508547
2019,11015002026,Mattoon CUSD 2,Mattoon,0.948357,0.425743,0.173267,0.163366,0.237624,0.480198,0.39604
2019,06016089002,Maywood-Melrose Park-Broadview 89,Melrose Park,0.963592,0.63728,0.153652,0.0831234,0.125945,0.322418,0.221662
2019,24032002C02,Mazon-Verona-Kinsman ESD 2C,Mazon,1,0.4375,0.28125,0.0625,0.21875,0.28125,0.28125
2019,13041012004,McClellan CCSD 12,Mount Vernon,0.916667,0.272727,0.181818,0,0.545455,0.727273,0.545455
2019,44063015004,McHenry CCSD 15,McHenry,0.97907,0.377672,0.261283,0.149644,0.211401,0.570071,0.342043
2019,17064005026,McLean County USD 5,Normal,0.946392,0.250545,0.114379,0.171024,0.464052,0.659041,0.637255
2019,19022011002,Medinah SD 11,Roselle,0.972603,0.450704,0.169014,0.183099,0.197183,0.394366,0.323944
2019,35050289004,Mendota CCSD 289,Mendota,1,0.643478,0.173913,0.121739,0.0608696,0.347826,0.191304
2019,33066404026,Mercer County School District 404,Aledo,0.988636,0.344828,0.091954,0.137931,0.425287,0.597701,0.551724
2019,01069011026,Meredosia-Chambersburg CUSD 11,Meredosia,1,0.642857,0.142857,0,0.214286,0.357143,0.214286
2019,30077101026,Meridian CUSD 101,Mounds,0.888889,0.5,0.291667,0.208333,0,0.5,0.208333
2019,39055015026,Meridian CUSD 15,Macon,1,0.308642,0.148148,0.0864198,0.45679,0.592593,0.530864
2019,47071223026,Meridian CUSD 223,Stillman Valley,0.990991,0.536364,0.245455,0.154545,0.0636364,0.381818,0.263636
2019,53102001004,Metamora CCSD 1,Metamora,0.961165,0.20202,0.191919,0.272727,0.333333,0.717172,0.656566
2019,35059007026,Midland CUSD 7,Sparland,1,0.175,0.05,0.125,0.65,0.775,0.7
2019,07016143002,Midlothian SD 143,Midlothian,0.554795,0.37037,0.135802,0.135802,0.358025,0.555556,0.493827
2019,53060191026,Midwest Central CUSD 191,Manito,1,0.533333,0.183333,0.133333,0.15,0.366667,0.333333
2019,32038124026,Milford Area Public Schools District 124,Milford,0.966667,0.655172,0.137931,0.0344828,0.172414,0.344828,0.206897
2019,34049024004,Millburn CCSD 24,Old Mill Creek,0.948718,0.171171,0.144144,0.234234,0.45045,0.675676,0.72973
2019,35050210004,Miller Twp CCSD 210,Marseilles,1,0.4,0.133333,0.2,0.266667,0.6,0.466667
2019,50082160004,Millstadt CCSD 160,Millstadt,1,0.208333,0.125,0.319444,0.347222,0.652778,0.763889
2019,24032201004,Minooka CCSD 201,Minooka,0.765258,0.420245,0.236196,0.184049,0.159509,0.484663,0.423313
2019,49081040022,Moline-Coal Valley CUSD 40,Moline,0.498054,0.539063,0.207031,0.167969,0.0859375,0.382813,0.300781
2019,32046001026,Momence CUSD 1,Momence,0.96,0.638889,0.152778,0.0833333,0.125,0.277778,0.25
2019,33094238026,Monmouth-Roseville CUSD 238,Monmouth,1,0.376147,0.12844,0.137615,0.357798,0.605505,0.513761
2019,48072070002,Monroe SD 70,Bartonville,1,0.214286,0.178571,0.107143,0.5,0.607143,0.714286
2019,39074025026,Monticello CUSD 25,Monticello,0.972477,0.113208,0.169811,0.122642,0.59434,0.858491,0.698113
2019,47098145004,Montmorency CCSD 145,Rock Falls,1,0.354839,0.193548,0.0322581,0.419355,0.451613,0.548387
2019,24032054002,Morris SD 54,Morris,0.976563,0.32,0.168,0.256,0.256,0.568,0.608
2019,47098006026,Morrison CUSD 6,Morrison,1,0.362319,0.15942,0.217391,0.26087,0.550725,0.507246
2019,03011001026,Morrisonville CUSD 1,Morrisonville,1,0.1875,0.125,0.25,0.4375,0.75,0.6875
2019,53090709026,Morton CUSD 709,Morton,0.995745,0.457265,0.128205,0.183761,0.230769,0.474359,0.397436
2019,40056005026,Mount Olive CUSD 5,Mount Olive,0.956522,0.181818,0.181818,0.181818,0.454545,0.727273,0.681818
2019,05016057002,Mount Prospect SD 57,Mt Prospect,1,0.152284,0.279188,0.309645,0.258883,0.827411,0.553299
2019,13041080002,Mount Vernon SD 80,Mount Vernon,0.940397,0.415493,0.147887,0.267606,0.169014,0.464789,0.457746
2019,17054023026,Mt Pulaski CUSD 23,Mount Pulaski,0.928571,0.307692,0.115385,0.115385,0.461538,0.692308,0.576923
2019,39055003026,Mt Zion CUSD 3,Mt Zion,0.981366,0.531646,0.120253,0.120253,0.227848,0.424051,0.35443
2019,03003001026,Mulberry Grove CUSD 1,Mulberry Grove,0.961538,0.52,0.08,0.24,0.16,0.44,0.4
2019,34049075002,Mundelein ESD 75,Mundelein,0.94686,0.265306,0.204082,0.178571,0.352041,0.505102,0.469388
2019,30039186026,Murphysboro CUSD 186,Murphysboro,0.987013,0.539474,0.125,0.118421,0.217105,0.434211,0.322368
2019,53090102002,N Pekin & Marquette Hght SD 102,Marquette Heights,1,0.0961538,0.192308,0.461538,0.25,0.769231,0.807692
2019,19022203026,Naperville CUSD 203,Naperville,0.995637,0.2156,0.148116,0.206836,0.429448,0.687993,0.61525
2019,13095049004,Nashville CCSD 49,Nashville,0.677419,0.428571,0.0952381,0.0952381,0.380952,0.547619,0.47619
2019,26034325026,Nauvoo-Colusa CUSD 325,Nauvoo,1,0.318182,0.0454545,0.181818,0.454545,0.590909,0.636364
2019,11018003026,Neoga CUSD 3,Neoga,1,0.148148,0.259259,0.148148,0.444444,0.62963,0.814815
2019,50082060026,New Athens CUSD 60,New Athens,1,0.521739,0.0869565,0.0434783,0.347826,0.434783,0.434783
2019,51084016026,New Berlin CUSD 16,New Berlin,0.985714,0.405797,0.202899,0.217391,0.173913,0.57971,0.333333
2019,17054088002,New Holland-Middletown ED 88,Middletown,0.909091,0.3,0.1,0.2,0.4,0.7,0.6
2019,20096006004,New Hope CCSD 6,Fairfield,1,0.115385,0.153846,0.115385,0.615385,0.884615,0.730769
2019,56099122002,New Lenox SD 122,New Lenox,0.971134,0.828025,0.0849257,0.0636943,0.0233546,0.0976645,0.142251
2019,21044032003,New Simpson Hill SD 32,Tunnel Hill,1,0.142857,0.190476,0.047619,0.619048,0.809524,0.714286
2019,24047066004,Newark CCSD 66,Newark,1,0,0,0.272727,0.727273,1,0.909091
2019,05016071002,Niles ESD 71,Niles,1,0.5,0.111111,0.111111,0.277778,0.472222,0.388889
2019,44063002003,Nippersink SD 2,Richmond,0.975207,0.398305,0.20339,0.228814,0.169492,0.584746,0.398305
2019,03068022026,Nokomis CUSD 22,Nokomis,1,0.564103,0.230769,0.128205,0.0769231,0.358974,0.230769
2019,06016080002,Norridge SD 80,Norridge,0.978947,0.44086,0.236559,0.182796,0.139785,0.419355,0.408602
2019,20097003026,Norris City-Omaha-Enfield CUSD 3,Norris City,0.897436,0.285714,0.142857,0.285714,0.285714,0.457143,0.571429
2019,04004200026,North Boone CUSD 200,Poplar Grove,0.767857,0.360465,0.197674,0.232558,0.209302,0.604651,0.453488
2019,34049187026,North Chicago SD 187,North Chicago,0.824627,0.402715,0.208145,0.158371,0.230769,0.533937,0.38914
2019,12013025026,North Clay CUSD 25,Louisville,0.970588,0.454545,0.030303,0.0909091,0.424242,0.515152,0.515152
2019,40031003026,North Greene CUSD 3,White Hall,0.95082,0.517241,0.189655,0.206897,0.0862069,0.431034,0.327586
2019,40056034026,North Mac CUSD 34,Girard,1,0.206349,0.111111,0.206349,0.47619,0.761905,0.666667
2019,07016117002,North Palos SD 117,Palos Hills,0.878205,0.20073,0.229927,0.288321,0.281022,0.751825,0.507299
2019,34049112002,North Shore SD 112,Highland Park,0.966942,0.270655,0.216524,0.225071,0.287749,0.638177,0.507123
2019,13014186002,North Wamac SD 186,Centralia,0.909091,0,0,0.2,0.8,0.9,0.9
2019,20096200026,North Wayne CUSD 200,Cisne,1,0.0606061,0.030303,0.212121,0.69697,0.878788,0.939394
2019,05016027002,Northbrook ESD 27,Northbrook,1,0.163934,0.131148,0.221311,0.483607,0.688525,0.729508
2019,05016028002,Northbrook SD 28,Northbrook,0.900552,0.300613,0.0858896,0.104294,0.509202,0.650307,0.625767
2019,05016030002,Northbrook/Glenview SD 30,Northbrook,0.991453,0.137931,0.0862069,0.172414,0.603448,0.758621,0.775862
2019,40056002026,Northwestern CUSD 2,Palmyra,0.961538,0.12,0.2,0.28,0.4,0.84,0.6
2019,48072063002,Norwood ESD 63,Peoria,0.981481,0.226415,0.0754717,0.150943,0.54717,0.679245,0.716981
2019,50082090004,O Fallon CCSD 90,O Fallon,0.97878,0.257453,0.170732,0.216802,0.355014,0.563686,0.647696
2019,48072068002,Oak Grove SD 68  Bartonville,Bartonville,0.973684,0.0810811,0.108108,0.162162,0.648649,0.837838,0.783784
2019,34049068002,Oak Grove SD 68 Green Oaks,Libertyville,0.988372,0.152941,0.223529,0.211765,0.411765,0.752941,0.647059
2019,07016123002,Oak Lawn-Hometown SD 123,Oak Lawn,0.960245,0.38535,0.16242,0.210191,0.242038,0.522293,0.474522
2019,06016097002,Oak Park ESD 97,Oak Park,0.982877,0.151568,0.123693,0.12892,0.595819,0.780488,0.721254
2019,11015005026,Oakland CUSD 5,Oakland,1,0.217391,0.0434783,0.173913,0.565217,0.782609,0.695652
2019,54092076026,Oakwood CUSD 76,Oakwood,1,0.423729,0.20339,0.20339,0.169492,0.559322,0.389831
2019,12017004026,Oblong CUSD 4,Oblong,0.848485,0.357143,0.107143,0.107143,0.428571,0.642857,0.464286
2019,17053435004,Odell CCSD 435,Odell,0.681818,0.333333,0.0666667,0.4,0.2,0.6,0.666667
2019,13058722026,Odin PSD 722,Odin,0.923077,0.416667,0.5,0.0833333,0,0.583333,0.0833333
2019,35050125002,Oglesby ESD 125,Oglesby,0.957447,0.666667,0.111111,0.177778,0.0444444,0.333333,0.222222
2019,11070302026,Okaw Valley CUSD 302,Bethany,0.514286,0.722222,0.0555556,0.222222,0,0.222222,0.222222
2019,17064016026,Olympia CUSD 16,Stanford,0.960317,0.355372,0.157025,0.239669,0.247934,0.512397,0.603306
2019,13041005004,Opdyke-Belle-Rive CCSD 5,Opdyke,1,0.2,0.1,0.1,0.6,0.8,0.6
2019,08089203026,Orangeville CUSD 203,Orangeville,1,0.25,0.25,0.15,0.35,0.7,0.5
2019,47071220026,Oregon CUSD 220,Oregon,0.971698,0.563107,0.242718,0.106796,0.0873786,0.271845,0.291262
2019,28037223026,Orion CUSD 223,Orion,0.982456,0.107143,0.0714286,0.25,0.571429,0.714286,0.857143
2019,07016135002,Orland SD 135,Orland Park,0.979381,0.492632,0.147368,0.149474,0.210526,0.431579,0.368421
2019,35050141002,Ottawa ESD 141,Ottawa,0.967213,0.491525,0.175141,0.0847458,0.248588,0.468927,0.316384
2019,05016015004,Palatine CCSD 15,Palatine,0.95,0.428728,0.190789,0.179825,0.200658,0.513158,0.350877
2019,12017003026,Palestine CUSD 3,Palestine,0.947368,0.611111,0.111111,0.277778,0,0.277778,0.388889
2019,07016118004,Palos CCSD 118,Palos Park,0.978022,0.162921,0.174157,0.134831,0.52809,0.814607,0.617978
2019,07016128002,Palos Heights SD 128,Palos Heights,0.985294,0.0597015,0.179104,0.19403,0.567164,0.791045,0.716418
2019,03011008026,Pana CUSD 8,Pana,0.951613,0.610169,0.169492,0.101695,0.118644,0.322034,0.254237
2019,03068002026,Panhandle CUSD 2,Raymond,1,0.392857,0.285714,0.0714286,0.25,0.535714,0.321429
2019,11023004026,Paris CUSD 4,Paris,1,0.365854,0.219512,0.146341,0.268293,0.341463,0.536585
2019,11023095025,Paris-Union SD 95,Paris,0.988372,0.317647,0.2,0.211765,0.270588,0.647059,0.505882
2019,07016163002,Park Forest SD 163,Park Forest,0.948905,0.307692,0.215385,0.269231,0.207692,0.592308,0.530769
2019,05016064004,Park Ridge CCSD 64,Park Ridge,0.970721,0.271462,0.171694,0.2529,0.303944,0.596288,0.552204
2019,13058100026,Patoka CUSD 100,Patoka,1,0.266667,0.2,0.333333,0.2,0.666667,0.6
2019,51084011026,Pawnee CUSD 11,Pawnee,0.978261,0,0.0444444,0.0222222,0.933333,0.977778,0.955556
2019,09027010026,Paxton-Buckley-Loda CUD 10,Paxton,0.988764,0.352273,0.204545,0.170455,0.272727,0.613636,0.443182
2019,01001001026,Payson CUSD 1,Payson,1,0.233333,0.0333333,0.166667,0.566667,0.766667,0.7
2019,08089200026,Pearl City CUSD 200,Pearl City,0.958333,0.73913,0,0,0.26087,0.26087,0.26087
2019,04101321026,Pecatonica CUSD 321,Pecatonica,1,0.571429,0.0714286,0.0571429,0.3,0.4,0.357143
2019,53090108002,Pekin PSD 108,Pekin,0.784416,0.63245,0.15894,0.135762,0.0728477,0.281457,0.238411
2019,32046259004,Pembroke CCSD 259,Hopkins Park,0.952381,0.45,0.2,0.1,0.25,0.35,0.35
2019,06016079002,Pennoyer SD 79,Norridge,0.97561,0.375,0.275,0.15,0.2,0.625,0.275
2019,48072325026,Peoria Heights CUSD 325,Peoria Heights,1,0.134615,0.134615,0.230769,0.5,0.788462,0.75
2019,48072150025,Peoria SD 150,Peoria,0.883065,0.446347,0.180365,0.156393,0.216895,0.505708,0.385845
2019,56099207U26,Peotone CUSD 207U,Peotone,0.986486,0.260274,0.424658,0.273973,0.0410959,0.0410959,0.726027
2019,35050124002,Peru ESD 124,Peru,0.90625,0.528736,0.16092,0.126437,0.183908,0.367816,0.413793
2019,01075010026,Pikeland CUSD 10,Pittsfield,0.875,0.5,0.171429,0.2,0.128571,0.371429,0.371429
2019,30073050002,Pinckneyville SD 50,Pinckneyville,0.985507,0.176471,0.102941,0.147059,0.573529,0.794118,0.691176
2019,56099202022,Plainfield SD 202,Plainfield,0.953581,0.397775,0.179416,0.188456,0.234353,0.531989,0.440195
2019,24047088026,Plano CUSD 88,Plano,0.968254,0.459016,0.286885,0.180328,0.0737705,0.459016,0.311475
2019,01075003026,Pleasant Hill CUSD 3,Pleasant Hill,0.954545,0.238095,0.142857,0.52381,0.0952381,0.714286,0.666667
2019,48072069002,Pleasant Hill SD 69,Peoria,0.863636,0.368421,0.315789,0.210526,0.105263,0.578947,0.368421
2019,51084008026,Pleasant Plains CUSD 8,Pleasant Plains,0.987654,0.525,0.15,0.2125,0.1125,0.4375,0.3375
2019,48072062002,Pleasant Valley SD 62,Peoria,0.984615,0.234375,0.25,0.171875,0.34375,0.75,0.453125
2019,06016107002,Pleasantdale SD 107,Burr Ridge,0.986111,0.0422535,0.084507,0.0704225,0.802817,0.957746,0.859155
2019,47071222026,Polo CUSD 222,Polo,0.97561,0.55,0.125,0.225,0.1,0.325,0.35
2019,17053429004,Pontiac CCSD 429,Pontiac,0.959677,0.226891,0.134454,0.168067,0.470588,0.647059,0.613445
2019,50082105002,Pontiac-W Holliday SD 105,Fairview Heights,0.981818,0.481481,0.111111,0.203704,0.203704,0.425926,0.5
2019,20076001026,Pope Co CUD 1,Golconda,0.636364,0.619048,0.238095,0.0952381,0.047619,0.238095,0.285714
2019,51065202026,Porta CUSD 202,Petersburg,0.958763,0.376344,0.290323,0.150538,0.182796,0.580645,0.344086
2019,07016143502,Posen-Robbins ESD 143-5,Posen,0.963303,0.72381,0.104762,0.0666667,0.104762,0.161905,0.27619
2019,54092010026,Potomac CUSD 10,Potomac,0.928571,0.307692,0.153846,0.307692,0.230769,0.692308,0.538462
2019,17053008026,Prairie Central CUSD 8,Fairbury,0.985816,0.28777,0.172662,0.208633,0.330935,0.661871,0.568345
2019,34049900025,Prairie Crossing Charter School,Grayslake,1,0.0833333,0.104167,0.3125,0.5,0.666667,0.770833
2019,44063046003,Prairie Grove CSD 46,Crystal Lake,0.75,0.0392157,0.0588235,0.0980392,0.803922,0.901961,0.882353
2019,07016144002,Prairie-Hills ESD 144,Markham,0.917647,0.363248,0.0897436,0.200855,0.346154,0.525641,0.542735
2019,09010197004,Prairieview-Ogden CCSD 197,Royal,1,0.0357143,0.0714286,0.0357143,0.857143,0.928571,0.857143
2019,28006115002,Princeton ESD 115,Princeton,1,0.601626,0.195122,0.130081,0.0731707,0.341463,0.260163
2019,48072326026,Princeville CUSD 326,Princeville,1,0.0784314,0.117647,0.176471,0.627451,0.882353,0.823529
2019,47098003026,Prophetstown-Lyndon-Tampico CUSD3,Prophetstown,1,0.442308,0.115385,0.0384615,0.403846,0.557692,0.442308
2019,05016023002,Prospect Heights SD 23,Prospect Heights,1,0.45082,0.221311,0.155738,0.172131,0.409836,0.434426
2019,35078535026,Putnam County CUSD 535,Granville,1.02,0.2,0.1,0.58,0.12,0.74,0.76
2019,19022016002,Queen Bee SD 16,Glendale Heights,0.962025,0.467105,0.25,0.190789,0.0921053,0.506579,0.302632
2019,01001172022,Quincy SD 172,Quincy,0.961686,0.195219,0.13745,0.219124,0.448207,0.752988,0.667331
2019,33048208026,R O W V A CUSD 208,Oneida,1,0.114286,0.171429,0.171429,0.542857,0.8,0.8
2019,13058001003,Raccoon Cons SD 1,Centralia,1,0.2,0.08,0.2,0.52,0.76,0.64
2019,03026204026,Ramsey CUSD 204,Ramsey,1,0.2,0.1,0.2,0.5,0.666667,0.766667
2019,53090098002,Rankin CSD 98,Pekin,1,0.333333,0.266667,0.333333,0.0666667,0.4,0.666667
2019,09010137002,Rantoul City SD 137,Rantoul,0.768844,0.392157,0.228758,0.183007,0.196078,0.54902,0.424837
2019,45079132026,Red Bud CUSD 132,Red Bud,0.753086,0.47541,0.114754,0.114754,0.295082,0.42623,0.42623
2019,12051010026,Red Hill CUSD 10,Bridgeport,1,0.22093,0.174419,0.162791,0.44186,0.744186,0.488372
2019,56099255U26,Reed Custer CUSD 255U,Braidwood,0.979381,0.494737,0.168421,0.189474,0.147368,0.421053,0.336842
2019,06016084502,Rhodes SD 84-5,River Grove,0.962963,0.307692,0.288462,0.269231,0.134615,0.634615,0.442308
2019,12080001026,Richland County CUSD 1,Olney,0.987805,0.358025,0.179012,0.222222,0.240741,0.598765,0.462963
2019,56099088A02,Richland GSD 88A,Crest Hill,0.59375,0.368421,0.236842,0.157895,0.236842,0.552632,0.447368
2019,07016122002,Ridgeland SD 122,Oak Lawn,0.824885,0.324022,0.134078,0.184358,0.357542,0.597765,0.530726
2019,17064019026,Ridgeview CUSD 19,Colfax,0.942857,0.212121,0.333333,0.212121,0.242424,0.727273,0.454545
2019,44063018004,Riley CCSD 18,Marengo,1,0.105263,0.0526316,0.421053,0.421053,0.894737,0.842105
2019,47098002026,River Bend CUSD 2,Fulton,1,0.270833,0.145833,0.125,0.458333,0.520833,0.6875
2019,06016090002,River Forest SD 90,River Forest,0.983051,0.146552,0.103448,0.163793,0.586207,0.698276,0.784483
2019,06016085502,River Grove SD 85-5,River Grove,0.662338,0.411765,0.176471,0.254902,0.156863,0.54902,0.45098
2019,08043210026,River Ridge CUSD 210,Hanover,0.928571,0.115385,0.346154,0.0769231,0.461538,0.884615,0.538462
2019,05016026002,River Trails SD 26,Mt Prospect,0.976331,0.436364,0.278788,0.206061,0.0787879,0.412121,0.345455
2019,49081100026,Riverdale CUSD 100,Port Byron,0.987013,0.0921053,0.144737,0.289474,0.473684,0.894737,0.736842
2019,06016096002,Riverside SD 96,Riverside,0.97546,0.119497,0.150943,0.169811,0.559748,0.761006,0.72956
2019,51084014026,Riverton CUSD 14,Riverton,0.912088,0.277108,0.204819,0.289157,0.228916,0.590361,0.554217
2019,53102002004,Riverview CCSD 2,East Peoria,1,0.454545,0.0909091,0.136364,0.318182,0.5,0.454545
2019,53102060026,Roanoke Benson CUSD 60,Roanoke,1,0.457143,0.0571429,0.142857,0.342857,0.514286,0.4
2019,53090085002,Robein SD 85,East Peoria,0.952381,0.25,0.25,0.05,0.45,0.75,0.5
2019,12017002026,Robinson CUSD 2,Robinson,0.990741,0.457944,0.0747664,0.140187,0.327103,0.504673,0.448598
2019,47071231004,Rochelle CCSD 231,Rochelle,0.965035,0.753623,0.108696,0.115942,0.0217391,0.210145,0.173913
2019,51084003A26,Rochester CUSD 3A,Rochester,0.982456,0.00892857,0,0.0357143,0.955357,0.991071,0.991071
2019,47098013002,Rock Falls ESD 13,Rock Falls,1,0.351648,0.241758,0.175824,0.230769,0.571429,0.417582
2019,49081041025,Rock Island SD 41,Rock Island,0.985075,0.4329,0.155844,0.188312,0.222944,0.515152,0.430736
2019,56099084002,Rockdale SD 84,Rockdale,0.772727,0.529412,0.0588235,0.117647,0.294118,0.411765,0.294118
2019,04101205025,Rockford SD 205,Rockford,0.737026,0.46107,0.157075,0.157075,0.22478,0.495599,0.392688
2019,49081300026,Rockridge CUSD 300,Taylor Ridge,0.909091,0.166667,0.216667,0.266667,0.35,0.766667,0.65
2019,04101140004,Rockton SD 140,Rockton,0.97973,0.317241,0.303448,0.296552,0.0827586,0.648276,0.324138
2019,13041002004,Rome CCSD 2,Dix,1,0.142857,0.2,0.0285714,0.628571,0.828571,0.657143
2019,34049072002,Rondout SD 72,Lake Forest,1,0.785714,0.142857,0,0.0714286,0.0714286,0.214286
2019,19022012002,Roselle SD 12,Roselle,0.974684,0.155844,0.116883,0.311688,0.415584,0.766234,0.714286
2019,06016078002,Rosemont ESD 78,Rosemont,1,0.0952381,0.190476,0.619048,0.0952381,0.904762,0.714286
2019,54092007026,Rossville-Alvin CUSD 7,Rossville,0.972222,0.542857,0.228571,0.114286,0.114286,0.4,0.257143
2019,34049116026,Round Lake CUSD 116,Round Lake,0.977528,0.445977,0.271264,0.121839,0.16092,0.524138,0.243678
2019,41057001026,Roxana CUSD 1,Roxana,1,0.0991736,0.115702,0.165289,0.619835,0.859504,0.743802
2019,13058111002,Salem SD 111,Salem,0.886957,0.186275,0.176471,0.0784314,0.558824,0.666667,0.676471
2019,19022048002,Salt Creek SD 48,Villa Park,0.977778,0.295455,0.136364,0.272727,0.295455,0.704545,0.568182
2019,54092512026,Salt Fork Community Unit District  512,Catlin,0.984375,0.396825,0.222222,0.126984,0.253968,0.412698,0.444444
2019,13058501026,Sandoval CUSD 501,Sandoval,0.972222,0.228571,0.0285714,0.228571,0.514286,0.657143,0.6
2019,07016172002,Sandridge SD 172,Lynwood,1,0.421053,0.263158,0.315789,0,0.473684,0.421053
2019,16019430026,Sandwich CUSD 430,Sandwich,0.951389,0.306569,0.0875912,0.167883,0.437956,0.649635,0.613139
2019,39055009026,Sangamon Valley CUSD 9,Niantic,0.97561,0.5,0.15,0.075,0.275,0.45,0.4
2019,24032060C04,Saratoga CCSD 60C,Morris,0.96,0.402778,0.180556,0.25,0.166667,0.458333,0.444444
2019,17053438004,Saunemin CCSD 438,Saunemin,1,0,0.2,0,0.8,1,0.8
2019,08043211026,Scales Mound CUSD 211,Scales Mound,1,0.0769231,0.230769,0.230769,0.461538,0.923077,0.615385
2019,05016054004,Schaumburg CCSD 54,Schaumburg,0.971805,0.377176,0.170213,0.199226,0.253385,0.553191,0.471954
2019,06016081002,Schiller Park SD 81,Schiller Park,0.983607,0.00833333,0.108333,0.35,0.533333,0.991667,0.866667
2019,26085005026,Schuyler-Industry CUSD 5,Rushville,1,0.423729,0.237288,0.288136,0.0508475,0.542373,0.372881
2019,19022045002,SD 45 DuPage County,Villa Park,0.943925,0.438944,0.135314,0.151815,0.273927,0.508251,0.39604
2019,31045046022,SD U-46,Elgin,0.943552,0.501039,0.176984,0.169921,0.152057,0.418779,0.313253
2019,13058010004,Selmaville CCSD 10,Salem,0.931034,0.444444,0.222222,0.185185,0.148148,0.481481,0.37037
2019,35050170004,Seneca CCSD 170,Seneca,0.959184,0.106383,0.148936,0.340426,0.404255,0.574468,0.829787
2019,35050002026,Serena CUSD 2,Serena,1,0.111111,0.155556,0.288889,0.444444,0.866667,0.733333
2019,21028196026,Sesser-Valier CUSD 196,Sesser,0.488889,0.363636,0,0.0909091,0.545455,0.636364,0.636364
2019,30091084026,Shawnee CUSD 84,Wolf Lake,0.954545,0.333333,0.333333,0.285714,0.047619,0.428571,0.52381
2019,11087004026,Shelbyville CUSD 4,Shelbyville,0.965217,0.432432,0.234234,0.333333,0,0.351351,0.54955
2019,49081200026,Sherrard CUSD 200,Sherrard,0.875,0.263736,0.296703,0.164835,0.274725,0.692308,0.43956
2019,11023001026,Shiloh CUSD 1,Hume,1,0.1,0.3,0.25,0.35,0.9,0.45
2019,50082085002,Shiloh Village SD 85,Shiloh,0.980392,0.18,0.12,0.14,0.56,0.72,0.7
2019,04101134004,Shirland CCSD 134,Shirland,1,0.727273,0.181818,0.0909091,0,0.181818,0.181818
2019,50082181002,Signal Hill SD 181,Belleville,1,0.15,0.25,0.25,0.35,0.8,0.6
2019,49081034002,Silvis SD 34,East Moline,0.830508,0.306122,0.285714,0.102041,0.306122,0.632653,0.428571
2019,05016068002,Skokie SD 68,Skokie,0.977654,0.451429,0.182857,0.12,0.245714,0.468571,0.382857
2019,05016069002,Skokie SD 69,Skokie,0.956098,0.173469,0.229592,0.188776,0.408163,0.719388,0.612245
2019,05016073502,Skokie SD 73-5,Skokie,1,0.326923,0.125,0.211538,0.336538,0.586538,0.528846
2019,50082130004,Smithton CCSD 130,Smithton,0.95,0.280702,0.105263,0.157895,0.45614,0.596491,0.684211
2019,16019432026,Somonauk CUSD 432,Somonauk,1,0.0862069,0.0689655,0.103448,0.741379,0.913793,0.844828
2019,13058401026,South Central CUD 401,Kinmundy,0.980392,0.2,0.08,0.06,0.66,0.76,0.76
2019,03011014024,South Fork SD 14,Kincaid,0.964286,0.37037,0.185185,0.333333,0.111111,0.592593,0.481481
2019,07016150002,South Holland SD 150,South Holland,1,0.347222,0.222222,0.222222,0.208333,0.555556,0.5
2019,07016151002,South Holland SD 151,South Holland,0.992806,0.427536,0.224638,0.181159,0.166667,0.5,0.413043
2019,53090137002,South Pekin SD 137,South Pekin,1,0.846154,0.0769231,0,0.0769231,0.0769231,0.153846
2019,24032074003,South Wilmington CCSD 74,South Wilmington,1.22,0.272727,0.181818,0.454545,0.0909091,0.636364,0.545455
2019,26034337026,Southeastern CUSD 337,Augusta,0.971429,0.0882353,0.264706,0.205882,0.441176,0.911765,0.617647
2019,40056009026,Southwestern CUSD 9,Brighton,0.963415,0.202532,0.35443,0.253165,0.189873,0.78481,0.405063
2019,45079140026,Sparta CUSD 140,Sparta,0.978947,0.322581,0.0752688,0.0860215,0.516129,0.634409,0.602151
2019,26029004026,Spoon River Valley CUSD 4,London Mills,0.95,0.210526,0.105263,0.368421,0.315789,0.684211,0.736842
2019,13041178004,Spring Garden Community Consolidated School District 178,Mount Vernon,0.961538,0.04,0.28,0.28,0.4,0.88,0.72
2019,28006099004,Spring Valley CCSD 99,Spring Valley,0.931507,0.264706,0.205882,0.220588,0.308824,0.720588,0.529412
2019,51084186025,Springfield SD 186,Springfield,0.833502,0.400726,0.144068,0.285714,0.169492,0.524213,0.508475
2019,32046256004,St Anne CCSD 256,Saint Anne,0.966667,0.448276,0.137931,0.137931,0.275862,0.517241,0.448276
2019,31045303026,St Charles CUSD 303,Saint Charles,0.968514,0.278283,0.204161,0.205462,0.312094,0.637191,0.526658
2019,03026202026,St Elmo CUSD 202,Saint Elmo,1,0.242424,0.151515,0.0909091,0.515152,0.69697,0.575758
2019,32046258004,St George CCSD 258,Bourbonnais,1,0.545455,0.159091,0.136364,0.159091,0.431818,0.272727
2019,09010169004,St Joseph CCSD 169,Saint Joseph,0.960526,0.123288,0.123288,0.232877,0.520548,0.753425,0.849315
2019,13014141502,St Rose SD 14-15,ST. ROSE,1,0.590909,0.0454545,0.363636,0,0.363636,0.409091
2019,28088100026,Stark County CUSD 100,Wyoming,1,0.0408163,0.0612245,0.163265,0.734694,0.938776,0.897959
2019,40056006026,Staunton CUSD 6,Staunton,0.968085,0.241758,0.0989011,0.285714,0.373626,0.648352,0.692308
2019,45079138026,Steeleville CUSD 138,Steeleville,0.965517,0.178571,0.142857,0.0357143,0.642857,0.821429,0.678571
2019,07016194002,Steger SD 194,Steger,0.741497,0.348624,0.12844,0.174312,0.348624,0.59633,0.504587
2019,47098005026,Sterling CUSD 5,Sterling,0.913462,0.105263,0.189474,0.4,0.305263,0.884211,0.689474
2019,11087005A26,Stewardson-Strasburg CUD 5A,Strasburg,1,0.0714286,0.107143,0.0357143,0.785714,0.928571,0.785714
2019,08043206026,Stockton CUSD 206,Stockton,0.972222,0.0571429,0.0285714,0.2,0.714286,0.942857,0.914286
2019,35050044002,Streator ESD 44,Streator,0.921687,0.379085,0.222222,0.169935,0.228758,0.542484,0.457516
2019,11070300026,Sullivan CUSD 300,Sullivan,0.975,0.602564,0.166667,0.141026,0.0897436,0.384615,0.230769
2019,13041079002,Summersville SD 79,Mount Vernon,1,0.757576,0.0909091,0.151515,0,0.242424,0.151515
2019,56099161002,Summit Hill SD 161,Frankfort,0.97541,0.285714,0.184874,0.193277,0.336134,0.663866,0.563025
2019,07016104002,Summit SD 104,Summit,0.969512,0.610063,0.163522,0.0691824,0.157233,0.339623,0.226415
2019,07016171002,Sunnybrook SD 171,Lansing,0.89011,0.790123,0.0493827,0.0246914,0.135802,0.209877,0.160494
2019,05016029002,Sunset Ridge SD 29,Northfield,0.980769,0.45098,0.0980392,0.156863,0.294118,0.45098,0.490196
2019,16019427026,Sycamore CUSD 427,Sycamore,0.996063,0.347826,0.166008,0.237154,0.249012,0.596838,0.450593
2019,56099090002,Taft SD 90,Lockport,0.967742,0.0333333,0.233333,0.233333,0.5,0.9,0.566667
2019,03011003026,Taylorville CUSD 3,Taylorville,0.968992,0.376,0.232,0.192,0.2,0.496,0.408
2019,03025050026,Teutopolis CUSD 50,Teutopolis,1,0.134146,0.231707,0.292683,0.341463,0.841463,0.646341
2019,09010130004,Thomasboro CCSD 130,Thomasboro,1,0.133333,0.266667,0,0.6,0.866667,0.6
2019,21028174026,Thompsonville CUSD 174,Thompsonville,1,0.35,0.05,0.5,0.1,0.6,0.6
2019,07016154002,Thornton SD 154,Thornton,1,0.173913,0.0869565,0.0869565,0.652174,0.782609,0.695652
2019,09010007026,Tolono CUSD 7,Tolono,0.980198,0.252525,0.131313,0.232323,0.383838,0.717172,0.616162
2019,35050079004,Tonica CCSD 79,Tonica,0.909091,0,0.1,0,0.9,0.9,0.9
2019,53090702026,Tremont CUSD 702,Tremont,0.954545,0.587302,0.174603,0.047619,0.190476,0.333333,0.238095
2019,51084001026,Tri City CUSD 1,Buffalo,1,0.612903,0.16129,0.16129,0.0645161,0.193548,0.387097
2019,17053006J26,Tri Point CUSD 6-J,Kempton,1,0.304348,0.347826,0.347826,0,0.565217,0.478261
2019,17064003026,Tri Valley CUSD 3,Downs,0.985294,0.149254,0.104478,0.19403,0.552239,0.80597,0.716418
2019,41057002026,Triad CUSD 2,Troy,0.99,0.10101,0.0774411,0.127946,0.693603,0.851852,0.804714
2019,30039176026,Trico CUSD 176,Campbell Hill,0.953846,0.322581,0.129032,0.145161,0.403226,0.612903,0.548387
2019,01069027026,Triopia CUSD 27,Concord,1,0,0,0,1,1,1
2019,56099030C04,Troy CCSD 30C,Plainfield,0.966581,0.319149,0.154255,0.231383,0.295213,0.587766,0.539894
2019,11021301026,Tuscola CUSD 301,Tuscola,0.887097,0.2,0.0727273,0.218182,0.509091,0.781818,0.672727
2019,06016086002,Union Ridge SD 86,Harwood Heights,0.967742,0.15,0.133333,0.25,0.466667,0.816667,0.666667
2019,56099081002,Union SD 81,Joliet,1,0.0833333,0.0833333,0.0833333,0.75,0.916667,0.833333
2019,33094304026,United CUSD 304,Monmouth,0.933333,0.196429,0.0892857,0.0892857,0.625,0.714286,0.714286
2019,30039140004,Unity Point CCSD 140,Carbondale,0.857143,0.166667,0.0238095,0.142857,0.666667,0.833333,0.809524
2019,09010116022,Urbana SD 116,Urbana,0.875362,0.347682,0.188742,0.155629,0.307947,0.609272,0.453642
2019,26029002026,V I T CUSD 2,Table Grove,1,0.423077,0.0384615,0.192308,0.346154,0.576923,0.538462
2019,56099365U26,Valley View CUSD 365U,Romeoville,0.980218,0.598385,0.223007,0.120081,0.0585267,0.311806,0.233098
2019,45067003026,Valmeyer CUSD 3,Valmeyer,1,0.266667,0.133333,0.2,0.4,0.633333,0.633333
2019,03026203026,Vandalia CUSD 203,Vandalia,0.982609,0.336283,0.123894,0.176991,0.362832,0.610619,0.584071
2019,21044055002,Vienna SD 55,Vienna,0.941176,0.03125,0.21875,0.125,0.625,0.84375,0.71875
2019,11021302026,Villa Grove CUSD 302,Villa Grove,1,0.5,0.0714286,0.404762,0.0238095,0.452381,0.47619
2019,01009064026,Virginia CUSD 64,Virginia,0.972973,0,0.0555556,0.361111,0.583333,1,0.944444
2019,07016147002,W Harvey-Dixmoor PSD 147,Harvey,0.882353,0.2,0.293333,0.186667,0.32,0.773333,0.506667
2019,20093348026,Wabash CUSD 348,Mount Carmel,0.971429,0.382353,0.215686,0.147059,0.254902,0.441176,0.362745
2019,35050195004,Wallace CCSD 195,Ottawa,1,0.189189,0.297297,0.216216,0.297297,0.810811,0.513514
2019,35050185004,Waltham CCSD 185,Utica,1,0.1,0.1,0.15,0.65,0.9,0.8
2019,13041001026,Waltonville CUSD 1,Waltonville,1,0.6,0.1,0,0.3,0.333333,0.333333
2019,08043205026,Warren CUSD 205,Warren,1,0.354839,0.225806,0.0967742,0.322581,0.322581,0.451613
2019,39055011026,Warrensburg-Latham CUSD 11,Warrensburg,1,0.26087,0.217391,0.108696,0.413043,0.73913,0.521739
2019,26034316026,Warsaw CUSD 316,Warsaw,1,0.242424,0.151515,0.030303,0.575758,0.727273,0.606061
2019,53090052002,Washington SD 52,Washington,0.989583,0.284211,0.115789,0.231579,0.368421,0.610526,0.547368
2019,45067005026,Waterloo CUSD 5,Waterloo,0.982456,0,0,0,1,1,1
2019,34049118026,Wauconda CUSD 118,Wauconda,0.929889,0.325397,0.436508,0.154762,0.0833333,0.257937,0.555556
2019,34049060026,Waukegan CUSD 60,Waukegan,0.954453,0.52386,0.207847,0.111347,0.156946,0.419936,0.272534
2019,01069006026,Waverly CUSD 6,Waverly,0.954545,0.285714,0.142857,0.142857,0.428571,0.714286,0.52381
2019,20096100026,Wayne City CUSD 100,Wayne City,0.97561,0.35,0.05,0.075,0.525,0.575,0.65
2019,13014003026,Wesclin CUSD 3,Trenton,0.97479,0.267241,0.181034,0.12931,0.422414,0.62931,0.491379
2019,08008314026,West Carroll CUSD 314,Mount Carroll,0.926471,0.269841,0.253968,0.253968,0.222222,0.698413,0.492063
2019,33036235026,West Central CUSD 235,Biggsville,0.964912,0.254545,0.0545455,0.145455,0.545455,0.690909,0.690909
2019,19022033002,West Chicago ESD 33,West Chicago,0.979651,0.210682,0.240356,0.243323,0.305638,0.777448,0.52819
2019,17054092004,West Lincoln-Broadwell ESD 92,Lincoln,1,0.117647,0.176471,0.0588235,0.647059,0.705882,0.764706
2019,05016031002,West Northfield SD 31,Northbrook,1,0.234568,0.222222,0.209877,0.333333,0.641975,0.481481
2019,26062103026,West Prairie CUSD 103,Colchester,0.837209,0.222222,0.0833333,0.138889,0.555556,0.694444,0.694444
2019,13095010026,West Washington Co CUD 10,Okawville,0.95,0.815789,0.105263,0.0789474,0,0.105263,0.157895
2019,06016092502,Westchester SD 92-5,Westchester,0.966387,0.617391,0.121739,0.121739,0.13913,0.26087,0.295652
2019,01075012026,Western CUSD 12,Barry,0.969697,0.1875,0.15625,0.0625,0.59375,0.78125,0.6875
2019,54092002026,Westville CUSD 2,Westville,0.957746,0.397059,0.102941,0.220588,0.279412,0.588235,0.485294
2019,28037230026,Wethersfield CUSD 230,Kewanee,0.975,0.307692,0.128205,0.025641,0.538462,0.692308,0.564103
2019,05016021004,Wheeling CCSD 21,Wheeling,0.929947,0.340866,0.184557,0.158192,0.316384,0.621469,0.450094
2019,50082115002,Whiteside SD 115,Belleville,0.972727,0.261682,0.168224,0.196262,0.373832,0.728972,0.53271
2019,56099092002,Will County SD 92,Lockport,0.993671,0.611465,0.254777,0.127389,0.00636943,0.242038,0.0254777
2019,33048210026,Williamsfield CUSD 210,Williamsfield,1,0.294118,0.117647,0.117647,0.470588,0.705882,0.529412
2019,51084015026,Williamsville CUSD 15,Williamsville,0.971154,0.138614,0.148515,0.19802,0.514851,0.762376,0.732673
2019,13014046002,Willow Grove SD 46,Centralia,0.95,0.315789,0.315789,0.263158,0.105263,0.631579,0.421053
2019,07016108002,Willow Springs SD 108,Willow Springs,1,0.309524,0.214286,0.214286,0.261905,0.595238,0.52381
2019,05016039002,Wilmette SD 39,Wilmette,0.989286,0.433213,0.162455,0.140794,0.263538,0.382671,0.458484
2019,56099209U26,Wilmington CUSD 209U,Wilmington,1,0.174419,0.104651,0.186047,0.534884,0.790698,0.744186
2019,01086001026,Winchester CUSD 1,Winchester,1,0.297297,0.243243,0.135135,0.324324,0.675676,0.378378
2019,11087001026,Windsor CUSD 1,Windsor,1,0.24,0.2,0.24,0.32,0.64,0.56
2019,19022034002,Winfield SD 34,Winfield,0.977273,0.0697674,0.0930233,0.186047,0.651163,0.883721,0.837209
2019,04101323026,Winnebago CUSD 323,Winnebago,0.988095,0.144578,0.0722892,0.228916,0.554217,0.771084,0.771084
2019,05016036002,Winnetka SD 36,Winnetka,0.993548,0.0909091,0.123377,0.253247,0.532468,0.87013,0.792208
2019,34049001002,Winthrop Harbor SD 1,Winthrop Harbor,0.966102,0.508772,0.175439,0.192982,0.122807,0.421053,0.350877
2019,50082113002,Wolf Branch SD 113,Swansea,0.964286,0.425926,0.185185,0.277778,0.111111,0.37037,0.537037
2019,19022007002,Wood Dale SD 7,Wood Dale,0.990196,0.673267,0.267327,0.039604,0.019802,0.277228,0.0990099
2019,41057015003,Wood River-Hartford ESD 15,Wood River,0.923077,0.233333,0.283333,0.233333,0.25,0.616667,0.533333
2019,34049050004,Woodland CCSD 50,Gurnee,0.961014,0.409736,0.308316,0.212982,0.0689655,0.488844,0.334686
2019,17053005026,Woodland CUSD 5,Streator,0.944444,0.235294,0.294118,0.235294,0.235294,0.764706,0.470588
2019,13041209027,Woodlawn Unit School District 209,Woodlawn,0.97561,0.3,0.05,0.175,0.475,0.675,0.675
2019,19022068002,Woodridge SD 68,Woodridge,0.711744,0.28,0.18,0.245,0.295,0.645,0.575
2019,44063200026,Woodstock CUSD 200,Woodstock,0.961814,0.253102,0.263027,0.225806,0.258065,0.692308,0.498759
2019,07016127002,Worth SD 127,Worth,0.98,0.438776,0.122449,0.0612245,0.377551,0.530612,0.428571
2019,24047115026,Yorkville CUSD 115,Yorkville,0.984416,0.453826,0.25066,0.126649,0.168865,0.496042,0.298153
2019,21028188026,Zeigler-Royalton CUSD 188,Zeigler,0.956522,0.25,0.159091,0.113636,0.477273,0.568182,0.590909
2019,34049006002,Zion ESD 6,Zion,0.8125,0.532544,0.147929,0.106509,0.213018,0.408284,0.313609
